label,category,UUID,URI
Washington- DC,object - place,0931e517-d4e1-41d6-959b-616f04ce16bb,http://w3id.org/bod-vocabs/0931e517-d4e1-41d6-959b-616f04ce16bb
Adachi- Michiko,conservators - conservator,71ed0cce-ec9e-4cd3-bc0a-b52e0f209a5c,http://w3id.org/bod-vocabs/71ed0cce-ec9e-4cd3-bc0a-b52e0f209a5c
Albro- Sylvia,conservators - conservator,613f12d6-f9e0-43c2-858d-20d0decca750,http://w3id.org/bod-vocabs/613f12d6-f9e0-43c2-858d-20d0decca750
Albro- Tom,conservators - conservator,0262062f-7c69-4515-8a43-fae6d8558d6f,http://w3id.org/bod-vocabs/0262062f-7c69-4515-8a43-fae6d8558d6f
Anaya- Tamia,conservators - conservator,e91e7e54-0b61-4d50-8357-5b87eab6cd15,http://w3id.org/bod-vocabs/e91e7e54-0b61-4d50-8357-5b87eab6cd15
Asta- Paul,conservators - conservator,b10d88b1-831e-4b45-803a-edf76dbf54cc,http://w3id.org/bod-vocabs/b10d88b1-831e-4b45-803a-edf76dbf54cc
Bahlmann- Benjamin,conservators - conservator,d0a3c0da-dab0-4dea-a5aa-188ee710ff34,http://w3id.org/bod-vocabs/d0a3c0da-dab0-4dea-a5aa-188ee710ff34
Bertonaschi- John,conservators - conservator,aee4f587-b69e-4d21-acbd-dd1b54f9884b,http://w3id.org/bod-vocabs/aee4f587-b69e-4d21-acbd-dd1b54f9884b
Biggs- Julie,conservators - conservator,43242f03-1bfd-4f28-8d4e-3f407f384509,http://w3id.org/bod-vocabs/43242f03-1bfd-4f28-8d4e-3f407f384509
Bissonette- Rachel,conservators - conservator,b95f55ff-2d14-496d-9483-092ebd3250b6,http://w3id.org/bod-vocabs/b95f55ff-2d14-496d-9483-092ebd3250b6
Boone- Terry,conservators - conservator,d1e4b108-fdf9-41ec-8fbe-8f8478d6225c,http://w3id.org/bod-vocabs/d1e4b108-fdf9-41ec-8fbe-8f8478d6225c
Brock- David,conservators - conservator,4ddc4b49-1d4b-4a69-b178-6e8daba134f6,http://w3id.org/bod-vocabs/4ddc4b49-1d4b-4a69-b178-6e8daba134f6
Cai- Xiaoping,conservators - conservator,b28a85ce-d957-467f-82f3-9093ab276506,http://w3id.org/bod-vocabs/b28a85ce-d957-467f-82f3-9093ab276506
Carlson- Lage,conservators - conservator,7df2b208-c9de-490e-946c-1227de6ad596,http://w3id.org/bod-vocabs/7df2b208-c9de-490e-946c-1227de6ad596
Centeno- Beatriz,conservators - conservator,38e3ec1c-e360-4ee1-85a4-1b7e1d9960c2,http://w3id.org/bod-vocabs/38e3ec1c-e360-4ee1-85a4-1b7e1d9960c2
Chaffee- Kaare,conservators - conservator,84d74367-344b-43ca-b970-9258e860abd0,http://w3id.org/bod-vocabs/84d74367-344b-43ca-b970-9258e860abd0
Chipman- Alisha,conservators - conservator,aa30c8db-48e7-4dc5-87b0-61891cccb1f7,http://w3id.org/bod-vocabs/aa30c8db-48e7-4dc5-87b0-61891cccb1f7
Clarkson- Christopher,conservators - conservator,ee03ef9f-9293-42bd-b636-5c5a7d690886,http://w3id.org/bod-vocabs/ee03ef9f-9293-42bd-b636-5c5a7d690886
Condon- Rikki,conservators - conservator,2760f889-94e1-43dd-ad3d-ecc73e6a17d8,http://w3id.org/bod-vocabs/2760f889-94e1-43dd-ad3d-ecc73e6a17d8
de Bovis- Marianne,conservators - conservator,9946922c-3984-4cc0-90a7-7ca89a50a273,http://w3id.org/bod-vocabs/9946922c-3984-4cc0-90a7-7ca89a50a273
Dekle- Claire,conservators - conservator,8bca3c45-77c2-4ee8-9fcd-7ac126fceb0d,http://w3id.org/bod-vocabs/8bca3c45-77c2-4ee8-9fcd-7ac126fceb0d
dela Torre- Simonette ,conservators - conservator,6fccf3cd-f67a-41aa-bbf0-e827acb21cfd,http://w3id.org/bod-vocabs/6fccf3cd-f67a-41aa-bbf0-e827acb21cfd
Duncan- Emilie,conservators - conservator,35066175-66e8-4fd4-9d87-e78ac82a351d,http://w3id.org/bod-vocabs/35066175-66e8-4fd4-9d87-e78ac82a351d
Edwards- Gwenanne,conservators - conservator,9eed2015-e05a-4696-9629-3b19547af7c6,http://w3id.org/bod-vocabs/9eed2015-e05a-4696-9629-3b19547af7c6
Eusman- Elmer,conservators - conservator,0f8cc70c-951a-4ca0-85bd-6ee0463902b9,http://w3id.org/bod-vocabs/0f8cc70c-951a-4ca0-85bd-6ee0463902b9
Evers- Jennifer,conservators - conservator,618f4661-5ffe-46d5-9305-5bb6bd654d06,http://w3id.org/bod-vocabs/618f4661-5ffe-46d5-9305-5bb6bd654d06
Fraser- Danielle,conservators - conservator,283585dc-26cb-481e-9db6-13280f7f3328,http://w3id.org/bod-vocabs/283585dc-26cb-481e-9db6-13280f7f3328
Fredericks- Maria,conservators - conservator,3432501b-5582-4dad-9178-2861d9151a6e,http://w3id.org/bod-vocabs/3432501b-5582-4dad-9178-2861d9151a6e
Gadomsky- Tessa,conservators - conservator,292bbaec-3330-44a7-a0a7-0a5dc7c8f0e0,http://w3id.org/bod-vocabs/292bbaec-3330-44a7-a0a7-0a5dc7c8f0e0
Glaser- Greta,conservators - conservator,621e9247-c39c-4286-93d1-1a9ea6ef26ae,http://w3id.org/bod-vocabs/621e9247-c39c-4286-93d1-1a9ea6ef26ae
Greek- Ashley,conservators - conservator,b9f80cc4-d5b1-4342-99ef-6e61b5eacfca,http://w3id.org/bod-vocabs/b9f80cc4-d5b1-4342-99ef-6e61b5eacfca
Green- Marlan,conservators - conservator,b644eb3f-449e-4354-878b-28c576e3ce6c,http://w3id.org/bod-vocabs/b644eb3f-449e-4354-878b-28c576e3ce6c
Haley- Alan,conservators - conservator,e4f4fe06-f656-4b38-ab9d-79ff11ab4b3a,http://w3id.org/bod-vocabs/e4f4fe06-f656-4b38-ab9d-79ff11ab4b3a
Hamburg- Doris,conservators - conservator,89f35301-6acb-4f21-b098-c45af5a4839c,http://w3id.org/bod-vocabs/89f35301-6acb-4f21-b098-c45af5a4839c
Haude- Mary "Betsy",conservators - conservator,c495e37b-e654-4a18-a37c-febd61ebd91e,http://w3id.org/bod-vocabs/c495e37b-e654-4a18-a37c-febd61ebd91e
Hemmenway- Dana,conservators - conservator,63775c5e-8c0a-446d-a05b-8572772530fc,http://w3id.org/bod-vocabs/63775c5e-8c0a-446d-a05b-8572772530fc
Husby- Scott,conservators - conservator,12a5a77f-4e9a-49f6-83c3-edf18fc3b1be,http://w3id.org/bod-vocabs/12a5a77f-4e9a-49f6-83c3-edf18fc3b1be
Iklé- Geneva,conservators - conservator,dbb14974-bb3e-4a7c-afec-a9eddfc9e040,http://w3id.org/bod-vocabs/dbb14974-bb3e-4a7c-afec-a9eddfc9e040
Immediata- Annie,conservators - conservator,922651be-69ef-4d36-93bc-eb1056cbd2de,http://w3id.org/bod-vocabs/922651be-69ef-4d36-93bc-eb1056cbd2de
Jang- Eunji,conservators - conservator,cdddf44e-86b9-4841-b076-e8cd25d293c0,http://w3id.org/bod-vocabs/cdddf44e-86b9-4841-b076-e8cd25d293c0
Joyner- Chloe,conservators - conservator,269699d2-95a4-40d2-b53e-958a4047fe67,http://w3id.org/bod-vocabs/269699d2-95a4-40d2-b53e-958a4047fe67
Karnes- Cyntia,conservators - conservator,b4d97720-3622-4736-88e0-454513757b92,http://w3id.org/bod-vocabs/b4d97720-3622-4736-88e0-454513757b92
Keister- Megan,conservators - conservator,667d9895-ec17-4626-9040-8ed8d7752711,http://w3id.org/bod-vocabs/667d9895-ec17-4626-9040-8ed8d7752711
Kelly- Katherine,conservators - conservator,0a4f7f24-78bc-4d2a-aa7d-480809a4607d,http://w3id.org/bod-vocabs/0a4f7f24-78bc-4d2a-aa7d-480809a4607d
Khan- Yasmeen,conservators - conservator,fdbcc0be-8b66-401c-a80c-7268facd3f24,http://w3id.org/bod-vocabs/fdbcc0be-8b66-401c-a80c-7268facd3f24
Kidder- Lynn,conservators - conservator,391c4921-c1ba-4693-bd55-c9bbbfa6fc04,http://w3id.org/bod-vocabs/391c4921-c1ba-4693-bd55-c9bbbfa6fc04
Kinsky- Bailey,conservators - conservator,dcf0316b-1052-43a8-bf3e-68b08f8ff2ad,http://w3id.org/bod-vocabs/dcf0316b-1052-43a8-bf3e-68b08f8ff2ad
Kitamura- Mari,conservators - conservator,654774e8-c21c-474e-9b9b-65f0ed079386,http://w3id.org/bod-vocabs/654774e8-c21c-474e-9b9b-65f0ed079386
Knight- Evan,conservators - conservator,ee5aedac-0598-4131-b2c6-9f7c0888dc87,http://w3id.org/bod-vocabs/ee5aedac-0598-4131-b2c6-9f7c0888dc87
Krueger- Holly,conservators - conservator,3da2d462-b7a7-4c2b-8391-b7fc3e63dbc5,http://w3id.org/bod-vocabs/3da2d462-b7a7-4c2b-8391-b7fc3e63dbc5
Lev-Alexander- Nancy,conservators - conservator,7f70cb4e-a40c-45bc-94ae-891716ac2217,http://w3id.org/bod-vocabs/7f70cb4e-a40c-45bc-94ae-891716ac2217
Lewis- Jennifer,conservators - conservator,13c6191c-72ac-4152-bd81-3630bf6f744b,http://w3id.org/bod-vocabs/13c6191c-72ac-4152-bd81-3630bf6f744b
Long- Zachary,conservators - conservator,44f32d0f-d385-4c88-9792-b54148209e3a,http://w3id.org/bod-vocabs/44f32d0f-d385-4c88-9792-b54148209e3a
Lundgren- Adrienne,conservators - conservator,f686d579-eba8-41bb-95e5-9a956354fbb9,http://w3id.org/bod-vocabs/f686d579-eba8-41bb-95e5-9a956354fbb9
Magee- Cathie,conservators - conservator,75284a75-ce39-4ab6-bd58-4e5481b8db89,http://w3id.org/bod-vocabs/75284a75-ce39-4ab6-bd58-4e5481b8db89
Maliga- Natalia,conservators - conservator,fcd2b05f-02e2-4c8f-8a77-4757d0fa5b02,http://w3id.org/bod-vocabs/fcd2b05f-02e2-4c8f-8a77-4757d0fa5b02
McNeal- Carrie,conservators - conservator,fafdfc24-79c9-44b5-894e-ba3d0a7d50f1,http://w3id.org/bod-vocabs/fafdfc24-79c9-44b5-894e-ba3d0a7d50f1
Moberg- Lisa,conservators - conservator,953ba43a-3043-4f22-afa4-66f32ad739b6,http://w3id.org/bod-vocabs/953ba43a-3043-4f22-afa4-66f32ad739b6
Morrison-Danzis- Kate,conservators - conservator,24797cb4-9485-4d4f-9476-d94b6dd5b311,http://w3id.org/bod-vocabs/24797cb4-9485-4d4f-9476-d94b6dd5b311
Nalaskowska- Marta,conservators - conservator,28b86792-fe57-4670-83e8-a149908bdd50,http://w3id.org/bod-vocabs/28b86792-fe57-4670-83e8-a149908bdd50
Nugent- Maria,conservators - conservator,eb062896-3ee4-4960-9a70-18164bf98d17,http://w3id.org/bod-vocabs/eb062896-3ee4-4960-9a70-18164bf98d17
Oey- Mary,conservators - conservator,be8e783c-dc30-4f7d-8e71-42456510bc8d,http://w3id.org/bod-vocabs/be8e783c-dc30-4f7d-8e71-42456510bc8d
Ohanyan- Tamara,conservators - conservator,e6d48ba9-a4da-40d0-a94a-73377db00db9,http://w3id.org/bod-vocabs/e6d48ba9-a4da-40d0-a94a-73377db00db9
Paterson- Dan,conservators - conservator,69c3b0f7-d529-4ca7-94a6-f2bc4a938f9a,http://w3id.org/bod-vocabs/69c3b0f7-d529-4ca7-94a6-f2bc4a938f9a
Peckham- Susan,conservators - conservator,06a4718c-969e-4de6-9b49-ef52f86d75d5,http://w3id.org/bod-vocabs/06a4718c-969e-4de6-9b49-ef52f86d75d5
Provino- Justine,conservators - conservator,3bda83ae-327a-4b7b-8133-398736ee1d4b,http://w3id.org/bod-vocabs/3bda83ae-327a-4b7b-8133-398736ee1d4b
Robb- Andrew,conservators - conservator,4952e9af-1461-4107-925c-f1f59d184273,http://w3id.org/bod-vocabs/4952e9af-1461-4107-925c-f1f59d184273
Smith- Shelly,conservators - conservator,023b43b4-68f8-4292-84be-88f043a94417,http://w3id.org/bod-vocabs/023b43b4-68f8-4292-84be-88f043a94417
Song- Minah,conservators - conservator,c927ba89-1003-49c1-8521-48f7eb98ff0a,http://w3id.org/bod-vocabs/c927ba89-1003-49c1-8521-48f7eb98ff0a
Spitzmueller- Pamela,conservators - conservator,d092f648-e30b-48de-aa0c-850a0faa5a79,http://w3id.org/bod-vocabs/d092f648-e30b-48de-aa0c-850a0faa5a79
Stiber-Morenus- Linda,conservators - conservator,da890a8f-a47e-4ad0-9a63-02416c8e75c3,http://w3id.org/bod-vocabs/da890a8f-a47e-4ad0-9a63-02416c8e75c3
Takeuchi- Masumi,conservators - conservator,087847b8-3d43-485b-8bf1-977e1b3babb5,http://w3id.org/bod-vocabs/087847b8-3d43-485b-8bf1-977e1b3babb5
Teringo- Dorothy,conservators - conservator,a883ae24-32a5-4f53-9483-a28ad0b9f346,http://w3id.org/bod-vocabs/a883ae24-32a5-4f53-9483-a28ad0b9f346
Terry- E,conservators - conservator,63f6140a-179a-496a-b0fa-c192098445c7,http://w3id.org/bod-vocabs/63f6140a-179a-496a-b0fa-c192098445c7
Thurn- James,conservators - conservator,2c6b3714-7710-4f7a-b132-c81182576576,http://w3id.org/bod-vocabs/2c6b3714-7710-4f7a-b132-c81182576576
Tichner- Karen,conservators - conservator,13c4046d-de8b-4883-bacd-c67018c5059d,http://w3id.org/bod-vocabs/13c4046d-de8b-4883-bacd-c67018c5059d
Valero- Claire,conservators - conservator,0cb7ba1e-bd78-43ea-bf57-7c2a03b524d8,http://w3id.org/bod-vocabs/0cb7ba1e-bd78-43ea-bf57-7c2a03b524d8
Walters- Grace,conservators - conservator,b3aff5e2-3256-4974-ae5b-84a9134e8da3,http://w3id.org/bod-vocabs/b3aff5e2-3256-4974-ae5b-84a9134e8da3
Wanser- Heather,conservators - conservator,e81a54e7-f851-4c78-9d0f-a5964c17ceef,http://w3id.org/bod-vocabs/e81a54e7-f851-4c78-9d0f-a5964c17ceef
Watson- Mary Elizabeth,conservators - conservator,d83f2b03-7fdb-474a-b96c-69a1acff2aa8,http://w3id.org/bod-vocabs/d83f2b03-7fdb-474a-b96c-69a1acff2aa8
Wetzel- Rachel,conservators - conservator,f3ae1895-3e87-4c98-802a-e9cd0ba234ca,http://w3id.org/bod-vocabs/f3ae1895-3e87-4c98-802a-e9cd0ba234ca
Williams- Emily,conservators - conservator,1c8b6e0c-35c7-4fa9-a935-c0078864d3b2,http://w3id.org/bod-vocabs/1c8b6e0c-35c7-4fa9-a935-c0078864d3b2
Zastrow- Anna,conservators - conservator,6562a5b0-9319-424c-8697-0c0943b15193,http://w3id.org/bod-vocabs/6562a5b0-9319-424c-8697-0c0943b15193
text,documentation - document - type,ae6145cb-c194-4475-b7df-9f5772832cbb,http://w3id.org/bod-vocabs/ae6145cb-c194-4475-b7df-9f5772832cbb
image,documentation - document - type,e86fcd72-9d8e-450f-ae79-7692ec6dc205,http://w3id.org/bod-vocabs/e86fcd72-9d8e-450f-ae79-7692ec6dc205
video,documentation - document - type,a54242b6-3eef-4e4b-b8d5-71a24dbafe0a,http://w3id.org/bod-vocabs/a54242b6-3eef-4e4b-b8d5-71a24dbafe0a
Administrative,documentation - document - subtype,94afb903-19da-4f16-b8c0-d8d7b2bf56b6,http://w3id.org/bod-vocabs/94afb903-19da-4f16-b8c0-d8d7b2bf56b6
Housing,documentation - document - subtype,99cb4360-5b42-4c19-be63-a7b7c4f51d7e,http://w3id.org/bod-vocabs/99cb4360-5b42-4c19-be63-a7b7c4f51d7e
Overhead,documentation - document - subtype,71604656-78d7-4c10-b903-5c8f6d392bf9,http://w3id.org/bod-vocabs/71604656-78d7-4c10-b903-5c8f6d392bf9
Preventive,documentation - document - subtype,54dc3101-c648-453b-8126-a52f3a6f29de,http://w3id.org/bod-vocabs/54dc3101-c648-453b-8126-a52f3a6f29de
Rehousing,documentation - document - subtype,0077eefc-8821-41f6-99bc-e47496904956,http://w3id.org/bod-vocabs/0077eefc-8821-41f6-99bc-e47496904956
Survey,documentation - document - subtype,9aacca36-7414-4125-9a05-aed3ecce2647,http://w3id.org/bod-vocabs/9aacca36-7414-4125-9a05-aed3ecce2647
Treatment,documentation - document - subtype,480cc324-8cb3-487f-ad3a-68cfa954d331,http://w3id.org/bod-vocabs/480cc324-8cb3-487f-ad3a-68cfa954d331
Fol.,description - binding - format,60c25faf-8a4e-4d74-9b55-796a034e6c73,http://w3id.org/bod-vocabs/60c25faf-8a4e-4d74-9b55-796a034e6c73
4°,description - binding - format,76272b60-b0ae-435f-82bd-a09ec6f6b806,http://w3id.org/bod-vocabs/76272b60-b0ae-435f-82bd-a09ec6f6b806
8°,description - binding - format,a84c04c4-0c2e-4cde-b37e-0e0d2a0acb50,http://w3id.org/bod-vocabs/a84c04c4-0c2e-4cde-b37e-0e0d2a0acb50
12°,description - binding - format,92540f52-aa2a-4574-94a7-00bbcce0072c,http://w3id.org/bod-vocabs/92540f52-aa2a-4574-94a7-00bbcce0072c
16°,description - binding - format,2222100a-2cdb-4c43-a201-9f9935a0b2a6,http://w3id.org/bod-vocabs/2222100a-2cdb-4c43-a201-9f9935a0b2a6
32°,description - binding - format,3c7c844d-f210-49c9-8630-97cbaee4abbb,http://w3id.org/bod-vocabs/3c7c844d-f210-49c9-8630-97cbaee4abbb
64°,description - binding - format,df6a7dae-2f86-4b5b-9890-7c39c7cc5a6d,http://w3id.org/bod-vocabs/df6a7dae-2f86-4b5b-9890-7c39c7cc5a6d
mm,binding - dimensions - measurementUnit,2e70d828-8acb-41d8-b2d1-4463320f0a48,http://w3id.org/bod-vocabs/2e70d828-8acb-41d8-b2d1-4463320f0a48
leaf/foliation,textblock - numberOfPages - unit,b534137b-515b-4bf0-9503-0e1622593e08,http://w3id.org/bod-vocabs/b534137b-515b-4bf0-9503-0e1622593e08
page/pagination,textblock - numberOfPages - unit,f1c773ca-7044-46ef-95de-5c3a56833a2d,http://w3id.org/bod-vocabs/f1c773ca-7044-46ef-95de-5c3a56833a2d
regular,gatherings - gatheringFormation,68ec8014-f09f-42de-9e84-bb9b989d1237,http://w3id.org/bod-vocabs/68ec8014-f09f-42de-9e84-bb9b989d1237
irregular,gatherings - gatheringFormation,d0c9171a-343c-4c23-8c32-c761251d2e8c,http://w3id.org/bod-vocabs/d0c9171a-343c-4c23-8c32-c761251d2e8c
pasteboard,board - type,35b9fc66-4c39-4375-ace3-2391c85d25dc,http://w3id.org/bod-vocabs/35b9fc66-4c39-4375-ace3-2391c85d25dc
single,board - type,bc19815e-466d-43db-807d-eb39fa0c1997,http://w3id.org/bod-vocabs/bc19815e-466d-43db-807d-eb39fa0c1997
laminated,board - type,198134d4-8726-4d6b-a6e1-e960e3f511fc,http://w3id.org/bod-vocabs/198134d4-8726-4d6b-a6e1-e960e3f511fc
board sewing,boardAttachment - technique,a851b8c0-4a95-49af-8fa7-92535bd6071f,http://w3id.org/bod-vocabs/a851b8c0-4a95-49af-8fa7-92535bd6071f
slip lacing,boardAttachment - technique,ff3ec05b-bf2c-4474-9574-d674c9acd596,http://w3id.org/bod-vocabs/ff3ec05b-bf2c-4474-9574-d674c9acd596
all,sewing - sewingSupports - n,1842c9d6-5404-4388-944e-059bf230e294,http://w3id.org/bod-vocabs/1842c9d6-5404-4388-944e-059bf230e294
flat,sewingSupports - type,fe132446-8ee4-4429-888f-a1572a76b3b4,http://w3id.org/bod-vocabs/fe132446-8ee4-4429-888f-a1572a76b3b4
strap,sewingSupports - type,ea733da0-8783-413c-b8a3-374a524cdc14,http://w3id.org/bod-vocabs/ea733da0-8783-413c-b8a3-374a524cdc14
split-strap,sewingSupports - type,7fbbc025-f862-40af-ace8-6416afddf42a,http://w3id.org/bod-vocabs/7fbbc025-f862-40af-ace8-6416afddf42a
twisted,sewingSupports - type,c379495e-507b-4f1b-b214-89872360ed3b,http://w3id.org/bod-vocabs/c379495e-507b-4f1b-b214-89872360ed3b
laminated,sewingSupports - type,509f7238-f1b9-4879-b197-5611ca0ab298,http://w3id.org/bod-vocabs/509f7238-f1b9-4879-b197-5611ca0ab298
folded,sewingSupports - type,a61c13d5-eff6-499c-ad36-f4ba61fb0168,http://w3id.org/bod-vocabs/a61c13d5-eff6-499c-ad36-f4ba61fb0168
rolled,sewingSupports - type,c0e64fec-2b9c-48af-95fa-5439dc8f2b6b,http://w3id.org/bod-vocabs/c0e64fec-2b9c-48af-95fa-5439dc8f2b6b
thongs,sewingSupports - type,a54dd311-adaf-443b-a985-27b0aa02f664,http://w3id.org/bod-vocabs/a54dd311-adaf-443b-a985-27b0aa02f664
raised,sewingSupports - position,63972a5a-5baf-4377-9116-d238e6822b0f,http://w3id.org/bod-vocabs/63972a5a-5baf-4377-9116-d238e6822b0f
recessed,sewingSupports - position,df406d8f-6ad7-43a4-ab55-64eef24eadf0,http://w3id.org/bod-vocabs/df406d8f-6ad7-43a4-ab55-64eef24eadf0
external,sewingSupports - position,92e41080-f1e5-4aac-af1d-19bc28a47a01,http://w3id.org/bod-vocabs/92e41080-f1e5-4aac-af1d-19bc28a47a01
sawn-in,sewingSupports - position,06a06c2d-e87c-4661-aba2-e6834d97f96f,http://w3id.org/bod-vocabs/06a06c2d-e87c-4661-aba2-e6834d97f96f
single,sewingSupports - formation,0e718ebf-a885-44b1-a39e-8343565cd460,http://w3id.org/bod-vocabs/0e718ebf-a885-44b1-a39e-8343565cd460
double,sewingSupports - formation,510421cb-ab66-41ef-aef7-9e20fb3df0ec,http://w3id.org/bod-vocabs/510421cb-ab66-41ef-aef7-9e20fb3df0ec
piercedHole,sewing - spineFoldPreparation,4ceb535e-e443-401c-9ff6-b10c92d953cc,http://w3id.org/bod-vocabs/4ceb535e-e443-401c-9ff6-b10c92d953cc
knifeCut,sewing - spineFoldPreparation,cbca68e0-e494-4c7b-8a58-3824de8b0008,http://w3id.org/bod-vocabs/cbca68e0-e494-4c7b-8a58-3824de8b0008
vNick,sewing - spineFoldPreparation,c6a1a4bf-68fc-46f7-b54f-12f275034407,http://w3id.org/bod-vocabs/c6a1a4bf-68fc-46f7-b54f-12f275034407
all-along,sewing - sewingTechnique,8c7bbf34-410a-465f-8ce7-6b86663d5b7e,http://w3id.org/bod-vocabs/8c7bbf34-410a-465f-8ce7-6b86663d5b7e
abbreviated,sewing - sewingTechnique,71bcd771-89db-4ce6-930e-0b632df92fa2,http://w3id.org/bod-vocabs/71bcd771-89db-4ce6-930e-0b632df92fa2
overcasting,sewing - sewingTechnique,0c46ec2c-da78-4cd1-879d-f748cf78e65f,http://w3id.org/bod-vocabs/0c46ec2c-da78-4cd1-879d-f748cf78e65f
two-on,sewing - sewingTechnique,d4054d73-7538-401f-8469-a66d07abad30,http://w3id.org/bod-vocabs/d4054d73-7538-401f-8469-a66d07abad30
'herring bone',sewing - sewingTechnique,a65693a9-16ec-43cb-be88-d2c176e1e052,http://w3id.org/bod-vocabs/a65693a9-16ec-43cb-be88-d2c176e1e052
uncut,edges - formation,74be352b-996f-49bf-b3ac-337d8eb3ee65,http://w3id.org/bod-vocabs/74be352b-996f-49bf-b3ac-337d8eb3ee65
trimmed,edges - formation,b23e7a47-00ba-489a-a359-4aa7a6f9d7b9,http://w3id.org/bod-vocabs/b23e7a47-00ba-489a-a359-4aa7a6f9d7b9
cut,edges - formation,6f1f9251-1365-42ad-bcaf-c272ab4742ee,http://w3id.org/bod-vocabs/6f1f9251-1365-42ad-bcaf-c272ab4742ee
plain,decoration - type,2a9e8edc-d025-49f7-8b84-89732e31b27d,http://w3id.org/bod-vocabs/2a9e8edc-d025-49f7-8b84-89732e31b27d
Edge Coloring,decoration - type,3f468f0a-cd25-42dc-b8b3-d91a74678785,http://w3id.org/bod-vocabs/3f468f0a-cd25-42dc-b8b3-d91a74678785
Fore-Edge Painting,decoration - type,51380d02-9835-4762-b404-c9323b0926bd,http://w3id.org/bod-vocabs/51380d02-9835-4762-b404-c9323b0926bd
panel,spineLining - type,93465413-1c05-48ab-93b1-8270dd47c1e6,http://w3id.org/bod-vocabs/93465413-1c05-48ab-93b1-8270dd47c1e6
tube hollow,spineLining - type,b8b50d98-01a0-4a46-a2ce-fee75684745c,http://w3id.org/bod-vocabs/b8b50d98-01a0-4a46-a2ce-fee75684745c
slight round,spine - spineShape,b4ec704d-b6c7-4146-846b-e416d7d1211b,http://w3id.org/bod-vocabs/b4ec704d-b6c7-4146-846b-e416d7d1211b
flat,spine - spineShape,c0ec05f9-2fbb-4c0f-8b98-491defa508b7,http://w3id.org/bod-vocabs/c0ec05f9-2fbb-4c0f-8b98-491defa508b7
round,spine - spineShape,0b3dcdaf-d2b5-4195-9087-c74e5d918bf8,http://w3id.org/bod-vocabs/0b3dcdaf-d2b5-4195-9087-c74e5d918bf8
quadrant,spine - backingJoints,5909a1cc-0273-43d6-ae61-44dabb4799d1,http://w3id.org/bod-vocabs/5909a1cc-0273-43d6-ae61-44dabb4799d1
slight,spine - backingJoints,f394c85c-871d-49e5-8681-9e955a6377bf,http://w3id.org/bod-vocabs/f394c85c-871d-49e5-8681-9e955a6377bf
square,spine - backingJoints,e27aede2-cd61-4844-8fc2-5df3b70a3492,http://w3id.org/bod-vocabs/e27aede2-cd61-4844-8fc2-5df3b70a3492
angled,spine - backingJoints,e8661105-81f5-48db-9b5b-e44b8bdffa31,http://w3id.org/bod-vocabs/e8661105-81f5-48db-9b5b-e44b8bdffa31
hollowBack,spine - spineFeatures,b8c9f433-93f8-457e-9679-2d6048332279,http://w3id.org/bod-vocabs/b8c9f433-93f8-457e-9679-2d6048332279
tightBack,spine - spineFeatures,72ffc298-d107-45df-8a47-0836fa7a206c,http://w3id.org/bod-vocabs/72ffc298-d107-45df-8a47-0836fa7a206c
frequent,endband - tieDownSpecification,ce9de802-0887-48dc-9887-703c62c11015,http://w3id.org/bod-vocabs/ce9de802-0887-48dc-9887-703c62c11015
infrequent,endband - tieDownSpecification,9142d48b-3103-4b89-84da-3e1f1776d701,http://w3id.org/bod-vocabs/9142d48b-3103-4b89-84da-3e1f1776d701
all,endband - tieDownSpecification,56ae6fab-859f-46d8-afe3-18908ca60a18,http://w3id.org/bod-vocabs/56ae6fab-859f-46d8-afe3-18908ca60a18
case,cover - type,f338e1dd-f8f9-40d7-95a6-697a1bda4d4d,http://w3id.org/bod-vocabs/f338e1dd-f8f9-40d7-95a6-697a1bda4d4d
in board,cover - type,8af6f697-da85-4d3d-bc10-cb8f5769913f,http://w3id.org/bod-vocabs/8af6f697-da85-4d3d-bc10-cb8f5769913f
full,cover - coverExtent,33ec9861-4111-4077-aa90-6d6711e9a7bd,http://w3id.org/bod-vocabs/33ec9861-4111-4077-aa90-6d6711e9a7bd
half,cover - coverExtent,86986943-2e7c-4179-8516-1d41cb447a79,http://w3id.org/bod-vocabs/86986943-2e7c-4179-8516-1d41cb447a79
quarter,cover - coverExtent,ae2b58d0-cf3e-4784-ab8f-d555faa8a01d,http://w3id.org/bod-vocabs/ae2b58d0-cf3e-4784-ab8f-d555faa8a01d
tooling,decoration - type,ecc4460c-537c-48ec-a9ba-e499f641d25a,http://w3id.org/bod-vocabs/ecc4460c-537c-48ec-a9ba-e499f641d25a
stamping,decoration - type,7a074081-e8d5-4062-81c3-870db161e54e,http://w3id.org/bod-vocabs/7a074081-e8d5-4062-81c3-870db161e54e
blind,decoration - decorationSpecification,8ca27940-53a5-4b2b-948b-f3ee9c7bc9e6,http://w3id.org/bod-vocabs/8ca27940-53a5-4b2b-948b-f3ee9c7bc9e6
gold,decoration - decorationSpecification,0c958998-e29f-4b7f-b606-ce23f3c2751e,http://w3id.org/bod-vocabs/0c958998-e29f-4b7f-b606-ce23f3c2751e
corner plates,component - type,bb5150d3-29ba-4894-b8ef-46d79d0f9a55,http://w3id.org/bod-vocabs/bb5150d3-29ba-4894-b8ef-46d79d0f9a55
bosses,component - type,0658507f-efe8-46f8-a3ae-11f699d5f496,http://w3id.org/bod-vocabs/0658507f-efe8-46f8-a3ae-11f699d5f496
nails,component - type,3dfa2e8c-bb4f-43f1-b95c-7ab61882d61a,http://w3id.org/bod-vocabs/3dfa2e8c-bb4f-43f1-b95c-7ab61882d61a
catches,component - type,bf6d4090-cf15-46be-8eea-4a2be30f7207,http://w3id.org/bod-vocabs/bf6d4090-cf15-46be-8eea-4a2be30f7207
straps,component - type,97890c53-cdb9-4110-be6a-8bf13ac522c4,http://w3id.org/bod-vocabs/97890c53-cdb9-4110-be6a-8bf13ac522c4
clasps,component - type,b1d924ae-47e1-4bda-9020-ce135c944ccf,http://w3id.org/bod-vocabs/b1d924ae-47e1-4bda-9020-ce135c944ccf
catchplates,component - type,c22e63e0-6a7b-4ea3-b9ae-45673a462244,http://w3id.org/bod-vocabs/c22e63e0-6a7b-4ea3-b9ae-45673a462244
all,sewing - sewingSupports - n,3db8a729-b2aa-41e1-ab8d-b2da42bc47da,http://w3id.org/bod-vocabs/3db8a729-b2aa-41e1-ab8d-b2da42bc47da
all,sewing - sewingSupports - n,13ef86e8-225f-493b-8f29-a856773a8997,http://w3id.org/bod-vocabs/13ef86e8-225f-493b-8f29-a856773a8997
phase box,housing - box,fbb55bc0-010d-43b1-9461-449bdaaaa99a,http://w3id.org/bod-vocabs/fbb55bc0-010d-43b1-9461-449bdaaaa99a
kase-make box,housing - box,f1cccb6f-0c13-42f9-b0ee-a0557ffd5ffc,http://w3id.org/bod-vocabs/f1cccb6f-0c13-42f9-b0ee-a0557ffd5ffc
documentation,document - notes - type,138aeb58-a103-44b3-a517-6934a0a41d12,http://w3id.org/bod-vocabs/138aeb58-a103-44b3-a517-6934a0a41d12
modelling,document - notes - type,a21628ec-69da-4404-a165-ea1d5f423fc8,http://w3id.org/bod-vocabs/a21628ec-69da-4404-a165-ea1d5f423fc8
temporary,treatments - type,7a3661aa-51cf-43fa-bdfc-bbeb00439f1a,http://w3id.org/bod-vocabs/7a3661aa-51cf-43fa-bdfc-bbeb00439f1a
permanent,treatments - type,9bab0ea0-20b4-4b0e-be0c-b4a457bda504,http://w3id.org/bod-vocabs/9bab0ea0-20b4-4b0e-be0c-b4a457bda504
quarter binding,treatments,bc158915-e41b-4d93-b9b1-2ed11fcec074,http://w3id.org/bod-vocabs/bc158915-e41b-4d93-b9b1-2ed11fcec074
sound,condition,946fbab4-b4d2-43b1-8adb-06695a4cd519,http://w3id.org/bod-vocabs/946fbab4-b4d2-43b1-8adb-06695a4cd519
attached,condition,cd1e563d-9bd5-4970-9cd2-80d0d665f10e,http://w3id.org/bod-vocabs/cd1e563d-9bd5-4970-9cd2-80d0d665f10e
good,condition,c93018d2-50da-45d0-a186-8d5cce2634bb,http://w3id.org/bod-vocabs/c93018d2-50da-45d0-a186-8d5cce2634bb
intact,condition,18150680-d096-4978-a0c3-bb2b2933503a,http://w3id.org/bod-vocabs/18150680-d096-4978-a0c3-bb2b2933503a
firm,condition,e0eff083-6801-44fa-849f-b1f2380ba2cd,http://w3id.org/bod-vocabs/e0eff083-6801-44fa-849f-b1f2380ba2cd
weak,condition,f7a0f579-e030-4b9b-90e7-7f589d420f1a,http://w3id.org/bod-vocabs/f7a0f579-e030-4b9b-90e7-7f589d420f1a
loose,condition,d73154c0-fcb5-4bf1-98fb-61eab463424c,http://w3id.org/bod-vocabs/d73154c0-fcb5-4bf1-98fb-61eab463424c
brittle,condition,e591cc92-9e62-48ca-8dab-64a27868bfeb,http://w3id.org/bod-vocabs/e591cc92-9e62-48ca-8dab-64a27868bfeb
fragile,condition,bfcf822d-d18b-4a0d-92ce-92974be66490,http://w3id.org/bod-vocabs/bfcf822d-d18b-4a0d-92ce-92974be66490
worn,condition,9f2057e8-a540-40b2-a9c3-256dc89f8663,http://w3id.org/bod-vocabs/9f2057e8-a540-40b2-a9c3-256dc89f8663
friable,condition,96af0ca3-a838-46b4-a19a-5fe17db5d0c5,http://w3id.org/bod-vocabs/96af0ca3-a838-46b4-a19a-5fe17db5d0c5
tearing,condition,fc4a46f4-9a74-46c1-9218-dbe9aab858ea,http://w3id.org/bod-vocabs/fc4a46f4-9a74-46c1-9218-dbe9aab858ea
creasing,condition,033ec0c6-ad57-48b6-93a1-6d487febc442,http://w3id.org/bod-vocabs/033ec0c6-ad57-48b6-93a1-6d487febc442
damaged,condition,32197b69-c41d-449e-ada7-90d2ff80404e,http://w3id.org/bod-vocabs/32197b69-c41d-449e-ada7-90d2ff80404e
dry,condition,ddd74a33-1523-43e0-ae5a-f70593e7a82c,http://w3id.org/bod-vocabs/ddd74a33-1523-43e0-ae5a-f70593e7a82c
scuffed,condition,013e3095-ece5-49df-b0bc-3172bd6a85a8,http://w3id.org/bod-vocabs/013e3095-ece5-49df-b0bc-3172bd6a85a8
foxing,condition,b8f761bb-3c9a-477d-a41a-2c36accdd8e6,http://w3id.org/bod-vocabs/b8f761bb-3c9a-477d-a41a-2c36accdd8e6
staining,condition,74b21669-2434-4298-9b65-50f9c6dbd483,http://w3id.org/bod-vocabs/74b21669-2434-4298-9b65-50f9c6dbd483
discoloration,condition,21bebc5a-3b79-4118-bbcf-17f811f4af23,http://w3id.org/bod-vocabs/21bebc5a-3b79-4118-bbcf-17f811f4af23
degraded,condition,1c8748d7-332c-4f94-96f8-392e1f7a3ae6,http://w3id.org/bod-vocabs/1c8748d7-332c-4f94-96f8-392e1f7a3ae6
pitted,condition,18e53c66-b1f7-445a-9aba-f87567f32123,http://w3id.org/bod-vocabs/18e53c66-b1f7-445a-9aba-f87567f32123
cockling,condition,3eea818a-1a98-446e-bdcf-60cf42700448,http://w3id.org/bod-vocabs/3eea818a-1a98-446e-bdcf-60cf42700448
distortion,condition,1fccc8d9-a272-4e5c-9487-218f309548d2,http://w3id.org/bod-vocabs/1fccc8d9-a272-4e5c-9487-218f309548d2
tattered,condition,9b33b234-3e76-4627-84ac-4bed4413eae4,http://w3id.org/bod-vocabs/9b33b234-3e76-4627-84ac-4bed4413eae4
lifted,condition,d5077076-09f5-4c20-be29-b94b910648d1,http://w3id.org/bod-vocabs/d5077076-09f5-4c20-be29-b94b910648d1
yellowing,condition,30e09c1d-56c3-42de-a091-5945aadff360,http://w3id.org/bod-vocabs/30e09c1d-56c3-42de-a091-5945aadff360
rigid,condition,4fd2d61f-8f5f-4481-945e-f6960e09edef,http://w3id.org/bod-vocabs/4fd2d61f-8f5f-4481-945e-f6960e09edef
tight,condition,7c3b3329-5035-4b13-8c43-18a5893c602c,http://w3id.org/bod-vocabs/7c3b3329-5035-4b13-8c43-18a5893c602c
unravelling,condition,eeaf6c67-cf60-47db-a523-f1e9c74114da,http://w3id.org/bod-vocabs/eeaf6c67-cf60-47db-a523-f1e9c74114da
decayed,condition,88c1f5d1-b05c-4135-a591-b6328df3b285,http://w3id.org/bod-vocabs/88c1f5d1-b05c-4135-a591-b6328df3b285
soft,condition,d23b65f9-05cf-4a0c-8cd1-41be4675d9b9,http://w3id.org/bod-vocabs/d23b65f9-05cf-4a0c-8cd1-41be4675d9b9
cracked,condition,6696e2d3-c9b6-4767-bd8f-38580f1e5e52,http://w3id.org/bod-vocabs/6696e2d3-c9b6-4767-bd8f-38580f1e5e52
powdery,condition,f7c236ae-bf53-4f36-a90d-7e7a5d4ae1b9,http://w3id.org/bod-vocabs/f7c236ae-bf53-4f36-a90d-7e7a5d4ae1b9
pleating,condition,aa9e4b0b-04be-429c-b3b4-49f9eeb9ea0e,http://w3id.org/bod-vocabs/aa9e4b0b-04be-429c-b3b4-49f9eeb9ea0e
bowing,condition,1715d04b-947a-49a6-9043-83f902c5eee5,http://w3id.org/bod-vocabs/1715d04b-947a-49a6-9043-83f902c5eee5
mold,condition,a009675f-2f58-4f8d-be10-ccd5cc04fe19,http://w3id.org/bod-vocabs/a009675f-2f58-4f8d-be10-ccd5cc04fe19
broken,condition,7ddf72c2-b995-4076-8b78-f308616c8ec4,http://w3id.org/bod-vocabs/7ddf72c2-b995-4076-8b78-f308616c8ec4
fragmentary,condition,68ec5476-e9f0-4cb0-9bf4-f18a85566162,http://w3id.org/bod-vocabs/68ec5476-e9f0-4cb0-9bf4-f18a85566162
detached,condition,77703a09-da43-4d3b-840f-b750521acdd3,http://w3id.org/bod-vocabs/77703a09-da43-4d3b-840f-b750521acdd3
losses,condition,547fb005-eee7-47c1-a287-587293262977,http://w3id.org/bod-vocabs/547fb005-eee7-47c1-a287-587293262977
splitting,condition,d37f627d-313d-4f4b-b581-a42186dfbd58,http://w3id.org/bod-vocabs/d37f627d-313d-4f4b-b581-a42186dfbd58
damaged,condition,485fbc88-646e-434a-bc3a-36db836046b0,http://w3id.org/bod-vocabs/485fbc88-646e-434a-bc3a-36db836046b0
missing,condition,88065eef-629a-420b-bf35-eaca1d590ba9,http://w3id.org/bod-vocabs/88065eef-629a-420b-bf35-eaca1d590ba9
lost,condition,329a1954-96a9-433f-873c-3ddd137a634e,http://w3id.org/bod-vocabs/329a1954-96a9-433f-873c-3ddd137a634e
rebacked,condition,572899a8-a151-4c81-b60b-b898bbfee0e7,http://w3id.org/bod-vocabs/572899a8-a151-4c81-b60b-b898bbfee0e7
repaired,condition,92fc29c1-02b0-423c-8b92-43f85822836e,http://w3id.org/bod-vocabs/92fc29c1-02b0-423c-8b92-43f85822836e
rehitched,condition,cf381268-5a72-4610-94a6-227205e2b80b,http://w3id.org/bod-vocabs/cf381268-5a72-4610-94a6-227205e2b80b
almost,condition,46809828-817e-471a-bed0-624f7bc8c2fc,http://w3id.org/bod-vocabs/46809828-817e-471a-bed0-624f7bc8c2fc
damp,condition,c40342ed-dd69-41dc-9857-79b19376cdd8,http://w3id.org/bod-vocabs/c40342ed-dd69-41dc-9857-79b19376cdd8
water,condition,30b5bcac-2117-4b5c-877d-82dc662b4a6f,http://w3id.org/bod-vocabs/30b5bcac-2117-4b5c-877d-82dc662b4a6f
acidic ink,condition,19fd4e8d-d7fe-47c5-8c53-41f65565af1b,http://w3id.org/bod-vocabs/19fd4e8d-d7fe-47c5-8c53-41f65565af1b
severe,condition,2e6ca4d6-0055-4deb-b17b-211a5191261e,http://w3id.org/bod-vocabs/2e6ca4d6-0055-4deb-b17b-211a5191261e
partially,condition,e97ca67e-d43e-4fef-baf2-5274f38d54e8,http://w3id.org/bod-vocabs/e97ca67e-d43e-4fef-baf2-5274f38d54e8
slightly,condition,22ae9642-9448-47ba-90eb-3d0af2d72841,http://w3id.org/bod-vocabs/22ae9642-9448-47ba-90eb-3d0af2d72841
minor,condition,0d84a019-0357-47b5-9f74-af9517e79eb3,http://w3id.org/bod-vocabs/0d84a019-0357-47b5-9f74-af9517e79eb3
badly,condition,9347096f-6b67-4c96-afd6-9d2b1df6a4be,http://w3id.org/bod-vocabs/9347096f-6b67-4c96-afd6-9d2b1df6a4be
insects,condition,1f2c67bb-c03d-4f61-b6f4-634ce03f795f,http://w3id.org/bod-vocabs/1f2c67bb-c03d-4f61-b6f4-634ce03f795f
worms,condition,17c69e47-6d8c-4325-80fa-29b888846145,http://w3id.org/bod-vocabs/17c69e47-6d8c-4325-80fa-29b888846145
mostly,condition,6e3d0747-5e7e-4b30-9352-3a1f0afe9794,http://w3id.org/bod-vocabs/6e3d0747-5e7e-4b30-9352-3a1f0afe9794
spine,placeValues,1d6ca195-d52d-4404-878b-6092b998ea38,http://w3id.org/bod-vocabs/1d6ca195-d52d-4404-878b-6092b998ea38
edges,placeValues,274badc4-3407-46b7-b7d1-c0d4f0f0f3c3,http://w3id.org/bod-vocabs/274badc4-3407-46b7-b7d1-c0d4f0f0f3c3
outer,placeValues,750d9831-c9b7-49d3-bf70-ced6ae3c0688,http://w3id.org/bod-vocabs/750d9831-c9b7-49d3-bf70-ced6ae3c0688
joint,placeValues,ea5a4f00-6a52-49f5-b51c-8e646b6b242d,http://w3id.org/bod-vocabs/ea5a4f00-6a52-49f5-b51c-8e646b6b242d
inner,placeValues,d1a4555b-c5fd-4448-8655-d6546997f3ff,http://w3id.org/bod-vocabs/d1a4555b-c5fd-4448-8655-d6546997f3ff
Acrylic paint,conservationMaterials,428570fe-15d3-400f-97e3-0bf3a46b472a,http://w3id.org/bod-vocabs/428570fe-15d3-400f-97e3-0bf3a46b472a
Agarose Gel,conservationMaterials,1ae1e768-f63b-43b3-9e86-89ecac9cd761,http://w3id.org/bod-vocabs/1ae1e768-f63b-43b3-9e86-89ecac9cd761
Alum Tawed Skin,conservationMaterials,f2e57e94-9e59-4726-98ac-aee77bf50525,http://w3id.org/bod-vocabs/f2e57e94-9e59-4726-98ac-aee77bf50525
Ammonium Hydroxide,conservationMaterials,8a320591-6bee-44b0-9d03-21b0287907a1,http://w3id.org/bod-vocabs/8a320591-6bee-44b0-9d03-21b0287907a1
Asian Paper,conservationMaterials,31726091-18b1-460e-b5a4-75f0c8612f29,http://w3id.org/bod-vocabs/31726091-18b1-460e-b5a4-75f0c8612f29
Berlin Tissue,conservationMaterials,88fec9d0-a7d8-44a7-a89c-e285b3908e47,http://w3id.org/bod-vocabs/88fec9d0-a7d8-44a7-a89c-e285b3908e47
Calcium Hydroxide,conservationMaterials,b745db70-a6a4-48d3-b464-0c5eb5ae6461,http://w3id.org/bod-vocabs/b745db70-a6a4-48d3-b464-0c5eb5ae6461
Calcium Phytate,conservationMaterials,60dea845-fc4d-474f-a64b-9fbfdbe1e881,http://w3id.org/bod-vocabs/60dea845-fc4d-474f-a64b-9fbfdbe1e881
Cast Acrylic ,conservationMaterials,383880e8-5fa0-4a79-a36d-500a778fc830,http://w3id.org/bod-vocabs/383880e8-5fa0-4a79-a36d-500a778fc830
Chalk Pencils,conservationMaterials,4eaf59e2-25fb-4780-a300-07d304bd5bfd,http://w3id.org/bod-vocabs/4eaf59e2-25fb-4780-a300-07d304bd5bfd
Colored Pencils,conservationMaterials,ce8a23f4-40fb-4b96-8797-8b885a05f14d,http://w3id.org/bod-vocabs/ce8a23f4-40fb-4b96-8797-8b885a05f14d
Ethanol,conservationMaterials,e42c3058-6b96-4008-88e5-0ae29d6909cb,http://w3id.org/bod-vocabs/e42c3058-6b96-4008-88e5-0ae29d6909cb
Gelatin,conservationMaterials,2a93b833-c5ad-4489-96d5-9afb81d4e56c,http://w3id.org/bod-vocabs/2a93b833-c5ad-4489-96d5-9afb81d4e56c
Gellan gum,conservationMaterials,ae833ae0-60bf-4454-b6c0-9a0c25d2b416,http://w3id.org/bod-vocabs/ae833ae0-60bf-4454-b6c0-9a0c25d2b416
Hydrogen Peroxide,conservationMaterials,7fc31cfb-52b8-4c45-9625-b2bfff18711d,http://w3id.org/bod-vocabs/7fc31cfb-52b8-4c45-9625-b2bfff18711d
Leather,conservationMaterials,52411b6f-2eab-409b-b2cc-a0335db1ce43,http://w3id.org/bod-vocabs/52411b6f-2eab-409b-b2cc-a0335db1ce43
Magnesium Bicarbonate,conservationMaterials,f8aa0ffe-9157-451d-90d8-3e288a0d0631,http://w3id.org/bod-vocabs/f8aa0ffe-9157-451d-90d8-3e288a0d0631
Magnesium Hydroxide,conservationMaterials,aae0c16c-d03c-41f1-beae-d56a1d6d6d11,http://w3id.org/bod-vocabs/aae0c16c-d03c-41f1-beae-d56a1d6d6d11
Parchment,conservationMaterials,c24c018e-0499-4e02-a7ce-3b84ba64b66c,http://w3id.org/bod-vocabs/c24c018e-0499-4e02-a7ce-3b84ba64b66c
Pastel,conservationMaterials,e6dc5803-8298-4da8-a245-f14febb903ad,http://w3id.org/bod-vocabs/e6dc5803-8298-4da8-a245-f14febb903ad
Remoistenable Tissue,conservationMaterials,3598133e-53ee-4a0a-a89b-93bb06559a31,http://w3id.org/bod-vocabs/3598133e-53ee-4a0a-a89b-93bb06559a31
Textile,conservationMaterials,ffaa1281-38c2-4e9f-8a21-09a9c25aade1,http://w3id.org/bod-vocabs/ffaa1281-38c2-4e9f-8a21-09a9c25aade1
Water,conservationMaterials,a0480e95-a405-4e86-bfae-cd98e490fb86,http://w3id.org/bod-vocabs/a0480e95-a405-4e86-bfae-cd98e490fb86
Watercolor,conservationMaterials,d9d5f24b-4208-4031-9591-d7a286ddf234,http://w3id.org/bod-vocabs/d9d5f24b-4208-4031-9591-d7a286ddf234
Xylene,conservationMaterials,1656d404-0991-4a44-a941-6ac76dbe54fc,http://w3id.org/bod-vocabs/1656d404-0991-4a44-a941-6ac76dbe54fc
dyes,conservationMaterials,5290d5e4-da65-4cf1-b2b2-6ae77764d28e,http://w3id.org/bod-vocabs/5290d5e4-da65-4cf1-b2b2-6ae77764d28e
boards,conservationMaterials,0d56d65c-7c07-45f3-b046-e9b9c1f3e574,http://w3id.org/bod-vocabs/0d56d65c-7c07-45f3-b046-e9b9c1f3e574
paper,conservationMaterials,5d62df88-cce7-43ea-b7d5-5b22bb575e17,http://w3id.org/bod-vocabs/5d62df88-cce7-43ea-b7d5-5b22bb575e17
thread,conservationMaterials,68139fda-60be-4629-8d8e-4865aa603a3a,http://w3id.org/bod-vocabs/68139fda-60be-4629-8d8e-4865aa603a3a
Funori,conservationMaterials,e62b7a7e-4664-4f3c-8788-00acaff7671b,http://w3id.org/bod-vocabs/e62b7a7e-4664-4f3c-8788-00acaff7671b
Gelatin,conservationMaterials,369486d9-361f-42fd-a362-8faec35c8731,http://w3id.org/bod-vocabs/369486d9-361f-42fd-a362-8faec35c8731
Heat set tissue,conservationMaterials,5dfb1f69-a691-4f1a-b036-c62e4c31c0c1,http://w3id.org/bod-vocabs/5dfb1f69-a691-4f1a-b036-c62e4c31c0c1
Isinglass,conservationMaterials,8b418658-6f59-41a3-8816-5402d8226d94,http://w3id.org/bod-vocabs/8b418658-6f59-41a3-8816-5402d8226d94
Methylcellulose,conservationMaterials,453cfcc5-3d65-4dfe-98aa-8f30dbaad2ac,http://w3id.org/bod-vocabs/453cfcc5-3d65-4dfe-98aa-8f30dbaad2ac
PVA,conservationMaterials,16022b82-9021-46a5-992d-aa79d31c0b0e,http://w3id.org/bod-vocabs/16022b82-9021-46a5-992d-aa79d31c0b0e
Rice Starch Paste,conservationMaterials,222e8a4e-cae5-4425-a613-7d1979eec4e2,http://w3id.org/bod-vocabs/222e8a4e-cae5-4425-a613-7d1979eec4e2
Wheat Starch Paste,conservationMaterials,cfa561c2-9003-4dfd-804a-8e29a61ef036,http://w3id.org/bod-vocabs/cfa561c2-9003-4dfd-804a-8e29a61ef036
water soluble polyoxazoline compounds,conservationMaterials,b34e2721-b658-4f9d-a63b-fdf14858518f,http://w3id.org/bod-vocabs/b34e2721-b658-4f9d-a63b-fdf14858518f
acrylic resins,conservationMaterials,09cdb6a3-3732-432c-b7e2-4423cc7e0e6a,http://w3id.org/bod-vocabs/09cdb6a3-3732-432c-b7e2-4423cc7e0e6a
acrylic adhesives,conservationMaterials,4aec5164-0ddb-4870-9c8f-1778f18f39dd,http://w3id.org/bod-vocabs/4aec5164-0ddb-4870-9c8f-1778f18f39dd
acrylic emulsions,conservationMaterials,2ae5c16d-a5de-4e57-a8c3-576095770cf7,http://w3id.org/bod-vocabs/2ae5c16d-a5de-4e57-a8c3-576095770cf7
glue,conservationMaterials,bc38b048-2aba-48a3-9f84-cc42211756d4,http://w3id.org/bod-vocabs/bc38b048-2aba-48a3-9f84-cc42211756d4
hydroxypropyl cellulose,conservationMaterials,3518016a-63cf-4b58-a5c5-4934b5811a7c,http://w3id.org/bod-vocabs/3518016a-63cf-4b58-a5c5-4934b5811a7c
Binder's board,conservationMaterials,a28da499-1e02-4fe6-a759-aacf7007a55b,http://w3id.org/bod-vocabs/a28da499-1e02-4fe6-a759-aacf7007a55b
cast pulp,conservationMaterials,d241366f-1c92-44c9-9f1c-9fa89e29d5b8,http://w3id.org/bod-vocabs/d241366f-1c92-44c9-9f1c-9fa89e29d5b8
handmade,conservationMaterials,f1ada60b-a8a1-4798-b863-ab8d8277a961,http://w3id.org/bod-vocabs/f1ada60b-a8a1-4798-b863-ab8d8277a961
Western,conservationMaterials,ee0fe402-2d2d-47b9-b3b5-98aee4a281ff,http://w3id.org/bod-vocabs/ee0fe402-2d2d-47b9-b3b5-98aee4a281ff
linen,conservationMaterials,82c0a0b6-b55f-4268-b933-9b3f22c7e5f0,http://w3id.org/bod-vocabs/82c0a0b6-b55f-4268-b933-9b3f22c7e5f0
machine-made,conservationMaterials,853fe9a6-37ac-4af6-92d4-c4b71aa695b2,http://w3id.org/bod-vocabs/853fe9a6-37ac-4af6-92d4-c4b71aa695b2
silk,conservationMaterials,96e81a1b-10a0-41d6-8d25-dd44701f1316,http://w3id.org/bod-vocabs/96e81a1b-10a0-41d6-8d25-dd44701f1316
hide,conservationMaterials,ecae7962-ba6f-406c-b261-944fa19710a8,http://w3id.org/bod-vocabs/ecae7962-ba6f-406c-b261-944fa19710a8
rabbit skin,conservationMaterials,08114878-fa2a-4e79-952c-89c15c5be391,http://w3id.org/bod-vocabs/08114878-fa2a-4e79-952c-89c15c5be391
BASF leather dye,conservationMaterials,fb6b101e-0c83-4ab4-852c-3df55a985db3,http://w3id.org/bod-vocabs/fb6b101e-0c83-4ab4-852c-3df55a985db3
RK Paper,conservationMaterials,f26e4d05-0f1a-46c3-ac7a-024d10d21101,http://w3id.org/bod-vocabs/f26e4d05-0f1a-46c3-ac7a-024d10d21101
SC6000,conservationMaterials,56f9e374-b698-43eb-b1b3-7168200d56a9,http://w3id.org/bod-vocabs/56f9e374-b698-43eb-b1b3-7168200d56a9
Aquazol,conservationMaterials,4ea1a277-1278-4c7c-912a-5032d42d21fb,http://w3id.org/bod-vocabs/4ea1a277-1278-4c7c-912a-5032d42d21fb
Avanse/Plextol,conservationMaterials,fd2a9716-7e4e-41e4-9a1b-9ed19f391e5e,http://w3id.org/bod-vocabs/fd2a9716-7e4e-41e4-9a1b-9ed19f391e5e
B-72,conservationMaterials,690885ea-5efb-4d4d-affa-a07ab3512f88,http://w3id.org/bod-vocabs/690885ea-5efb-4d4d-affa-a07ab3512f88
Beva,conservationMaterials,43c8e595-297f-4121-a139-be40e0246839,http://w3id.org/bod-vocabs/43c8e595-297f-4121-a139-be40e0246839
Klucel G,conservationMaterials,f874f639-e5b6-4a5f-a3d1-9948fe1168b1,http://w3id.org/bod-vocabs/f874f639-e5b6-4a5f-a3d1-9948fe1168b1
Klucel M,conservationMaterials,50f33b4e-fc90-45d7-abcd-aa0451ae263d,http://w3id.org/bod-vocabs/50f33b4e-fc90-45d7-abcd-aa0451ae263d
Lascaux 303,conservationMaterials,5786434f-0b79-4fd7-9442-62ea0158cbad,http://w3id.org/bod-vocabs/5786434f-0b79-4fd7-9442-62ea0158cbad
Lascaux 498,conservationMaterials,0c7f305f-ea1f-4c6c-b069-83eadf65192f,http://w3id.org/bod-vocabs/0c7f305f-ea1f-4c6c-b069-83eadf65192f
Rhoplex,conservationMaterials,0e3075c8-f4f3-4dd0-acb3-da55eb98abfd,http://w3id.org/bod-vocabs/0e3075c8-f4f3-4dd0-acb3-da55eb98abfd
media,materials - type,90462911-13fa-4623-93d5-34d8e397b0e2,http://w3id.org/bod-vocabs/90462911-13fa-4623-93d5-34d8e397b0e2
Board,materials,2fb526ff-3e9b-4ca2-89d8-cd6503defa56,http://w3id.org/bod-vocabs/2fb526ff-3e9b-4ca2-89d8-cd6503defa56
Paper,materials,31a2423f-5cad-4eca-a8fa-2a78de6963d6,http://w3id.org/bod-vocabs/31a2423f-5cad-4eca-a8fa-2a78de6963d6
Parchment,materials,ebde9c70-c3bb-461e-a6d6-5bfdedfd8682,http://w3id.org/bod-vocabs/ebde9c70-c3bb-461e-a6d6-5bfdedfd8682
Textile,materials,d5d829df-2d17-48d6-80fe-5153732b0305,http://w3id.org/bod-vocabs/d5d829df-2d17-48d6-80fe-5153732b0305
Vellum,materials,12166e92-ef39-4f0f-bc9c-61921b396dbd,http://w3id.org/bod-vocabs/12166e92-ef39-4f0f-bc9c-61921b396dbd
Alum Tawed Skin,materials,1cc3e68d-bed9-42b0-a744-4cb5ea83aff8,http://w3id.org/bod-vocabs/1cc3e68d-bed9-42b0-a744-4cb5ea83aff8
Bookcloth,materials,28dc7aed-0386-4ef8-ad63-29ab41e97fc6,http://w3id.org/bod-vocabs/28dc7aed-0386-4ef8-ad63-29ab41e97fc6
Leather,materials,12e50995-1b30-41d3-ac39-76ae6f15a257,http://w3id.org/bod-vocabs/12e50995-1b30-41d3-ac39-76ae6f15a257
Shagreen,materials,35f36192-6b2a-4a0b-8ac8-0b9e07ed8508,http://w3id.org/bod-vocabs/35f36192-6b2a-4a0b-8ac8-0b9e07ed8508
Silk,materials,00d229d7-1dbb-4ebf-9df5-1df1417e881c,http://w3id.org/bod-vocabs/00d229d7-1dbb-4ebf-9df5-1df1417e881c
Suede,materials,c8d651eb-8cbd-4cc7-8b09-716b2d83c29c,http://w3id.org/bod-vocabs/c8d651eb-8cbd-4cc7-8b09-716b2d83c29c
Velvet,materials,3cc05408-9d3b-4a04-838b-0470e22874c7,http://w3id.org/bod-vocabs/3cc05408-9d3b-4a04-838b-0470e22874c7
Amatl,materials,58d96621-0585-4cd0-80a8-cb602a77ff5b,http://w3id.org/bod-vocabs/58d96621-0585-4cd0-80a8-cb602a77ff5b
Asian paper,materials,cab7bdec-dd80-43d6-8c2f-6c938ef422d0,http://w3id.org/bod-vocabs/cab7bdec-dd80-43d6-8c2f-6c938ef422d0
Newsprint,materials,e5d487b4-902d-45f2-a323-6d670a44c107,http://w3id.org/bod-vocabs/e5d487b4-902d-45f2-a323-6d670a44c107
Paperboard,materials,6eb08e10-2b0f-4c9c-95e8-3b48a5e1f0aa,http://w3id.org/bod-vocabs/6eb08e10-2b0f-4c9c-95e8-3b48a5e1f0aa
Papyrus,materials,5591683c-9bb9-4358-8d52-432049ca5709,http://w3id.org/bod-vocabs/5591683c-9bb9-4358-8d52-432049ca5709
Ballpoint Pen,materials,b04cadda-a88d-4108-bead-e8c48f3a4d39,http://w3id.org/bod-vocabs/b04cadda-a88d-4108-bead-e8c48f3a4d39
Colored Pencil ,materials,4578058a-d4cf-4c2e-98aa-3ad02013dad5,http://w3id.org/bod-vocabs/4578058a-d4cf-4c2e-98aa-3ad02013dad5
Engraving,materials,2ae43e4c-949e-49d6-9fc9-e9f22522516d,http://w3id.org/bod-vocabs/2ae43e4c-949e-49d6-9fc9-e9f22522516d
Etching,materials,b46988e4-fb6c-41cc-a353-2cf305dc82fd,http://w3id.org/bod-vocabs/b46988e4-fb6c-41cc-a353-2cf305dc82fd
Felt Tipped Pen,materials,1be8a56c-8bfb-47d0-9016-c5d534a9a18b,http://w3id.org/bod-vocabs/1be8a56c-8bfb-47d0-9016-c5d534a9a18b
Gold,materials,d5bda3ce-ab29-4859-80ec-3249729d1623,http://w3id.org/bod-vocabs/d5bda3ce-ab29-4859-80ec-3249729d1623
Gouache,materials,69c38b66-1a67-4f9c-be30-be5a3af1c0bf,http://w3id.org/bod-vocabs/69c38b66-1a67-4f9c-be30-be5a3af1c0bf
Graphite,materials,940fa20b-41df-4b24-bcbe-71af68e9575a,http://w3id.org/bod-vocabs/940fa20b-41df-4b24-bcbe-71af68e9575a
Lithograph,materials,9661f7a5-d85a-4582-8647-c82d440a9369,http://w3id.org/bod-vocabs/9661f7a5-d85a-4582-8647-c82d440a9369
Paint/Pigment,materials,93c84424-de15-4624-ac18-cae9ab42dee5,http://w3id.org/bod-vocabs/93c84424-de15-4624-ac18-cae9ab42dee5
Watercolor,materials,cb1dfc39-0e1c-44aa-b9b1-7c1e42c54ad9,http://w3id.org/bod-vocabs/cb1dfc39-0e1c-44aa-b9b1-7c1e42c54ad9
Woodblock,materials,6f854669-5d19-4253-89e9-4dfae2df05fe,http://w3id.org/bod-vocabs/6f854669-5d19-4253-89e9-4dfae2df05fe
Ink,materials,29aa15d9-1644-4ceb-9fe0-08addd6e2501,http://w3id.org/bod-vocabs/29aa15d9-1644-4ceb-9fe0-08addd6e2501
Wood,materials,701acb4b-46c7-439a-88d9-43aeede2af2d,http://w3id.org/bod-vocabs/701acb4b-46c7-439a-88d9-43aeede2af2d
calf,materials,2ddd50e8-26f8-445e-9d0c-c70a36a564cf,http://w3id.org/bod-vocabs/2ddd50e8-26f8-445e-9d0c-c70a36a564cf
goat,materials,2d468067-8eae-475b-8478-49b805d25ba5,http://w3id.org/bod-vocabs/2d468067-8eae-475b-8478-49b805d25ba5
sheep,materials,56e0e59b-2859-4c06-8d26-240a05b0647c,http://w3id.org/bod-vocabs/56e0e59b-2859-4c06-8d26-240a05b0647c
machine-made,materials,0e83e102-eeb1-4eda-ac1e-fabaffcac9f1,http://w3id.org/bod-vocabs/0e83e102-eeb1-4eda-ac1e-fabaffcac9f1
handmade,materials,1f4d974a-3686-4aa1-9b3b-608b42879bc0,http://w3id.org/bod-vocabs/1f4d974a-3686-4aa1-9b3b-608b42879bc0
wove,materials,843d9217-02b3-4a54-aead-fbc4869fa2e8,http://w3id.org/bod-vocabs/843d9217-02b3-4a54-aead-fbc4869fa2e8
laid,materials,d304e41a-0f10-4ecf-94b7-191d555f0945,http://w3id.org/bod-vocabs/d304e41a-0f10-4ecf-94b7-191d555f0945
wooden,materials,e3a390bf-8fc6-4d26-aea0-9664f982c306,http://w3id.org/bod-vocabs/e3a390bf-8fc6-4d26-aea0-9664f982c306
Binder's (boards),materials,dfb6f02d-22f4-4c15-9489-12017043433c,http://w3id.org/bod-vocabs/dfb6f02d-22f4-4c15-9489-12017043433c
Iron Gall Ink,materials,496b074e-4dc3-467b-b03e-69d1d8ceda98,http://w3id.org/bod-vocabs/496b074e-4dc3-467b-b03e-69d1d8ceda98
Mimeograph Ink,materials,ebe0b15b-51be-4981-8621-22a3f26eecb5,http://w3id.org/bod-vocabs/ebe0b15b-51be-4981-8621-22a3f26eecb5
Printer's Ink,materials,e2e55b5e-aa66-43ef-8944-ca19f4aaa627,http://w3id.org/bod-vocabs/e2e55b5e-aa66-43ef-8944-ca19f4aaa627
Typewriter Ink,materials,c75704aa-9799-4ed1-8bb3-72a7da62daff,http://w3id.org/bod-vocabs/c75704aa-9799-4ed1-8bb3-72a7da62daff
Alkalinization,techniques,a860f23d-508e-40d8-8de4-83cb93029e3e,http://w3id.org/bod-vocabs/a860f23d-508e-40d8-8de4-83cb93029e3e
Bleaching/Stain Reduction,techniques,7a0fcd39-76f3-4786-be07-a2c63d5c0c6f,http://w3id.org/bod-vocabs/7a0fcd39-76f3-4786-be07-a2c63d5c0c6f
cleaning,techniques,7669e67e-93c1-4058-a6a4-111d730e6988,http://w3id.org/bod-vocabs/7669e67e-93c1-4058-a6a4-111d730e6988
Fills,techniques,43094415-5639-401b-a6f9-7d7f263b0b47,http://w3id.org/bod-vocabs/43094415-5639-401b-a6f9-7d7f263b0b47
Fixing/ Consolidation,techniques,0ec0a36f-08c6-4fb0-a1a1-3b3c3467b5dd,http://w3id.org/bod-vocabs/0ec0a36f-08c6-4fb0-a1a1-3b3c3467b5dd
Flattening,techniques,05e36bb7-465d-4524-9a9c-1db7a616cfac,http://w3id.org/bod-vocabs/05e36bb7-465d-4524-9a9c-1db7a616cfac
Guarding,techniques,9fdabd0c-380d-45e3-80a1-0431d752608f,http://w3id.org/bod-vocabs/9fdabd0c-380d-45e3-80a1-0431d752608f
Hinging,techniques,7b80972d-423e-48c5-b240-ba5daf870904,http://w3id.org/bod-vocabs/7b80972d-423e-48c5-b240-ba5daf870904
Humidification,techniques,2d63eebf-445b-4b2d-8c12-bdbe9dd0ac2d,http://w3id.org/bod-vocabs/2d63eebf-445b-4b2d-8c12-bdbe9dd0ac2d
Leafcasting,techniques,797d41df-4b4e-4e2d-8f5f-fe9b90f21ab5,http://w3id.org/bod-vocabs/797d41df-4b4e-4e2d-8f5f-fe9b90f21ab5
Lining,techniques,360b5723-a4b8-41fc-aa4b-760277b44902,http://w3id.org/bod-vocabs/360b5723-a4b8-41fc-aa4b-760277b44902
Mending,techniques,f61fab14-edc6-4b61-88fc-ae2d171b49ea,http://w3id.org/bod-vocabs/f61fab14-edc6-4b61-88fc-ae2d171b49ea
Mold Remediation,techniques,4e0f92ad-56a6-4545-b652-eace8919fd5b,http://w3id.org/bod-vocabs/4e0f92ad-56a6-4545-b652-eace8919fd5b
Sizing,techniques,ae7ee5e6-452c-4cdd-bc27-3dcfbd5613d2,http://w3id.org/bod-vocabs/ae7ee5e6-452c-4cdd-bc27-3dcfbd5613d2
Washing,techniques,81f9254c-0a6c-4096-bfcb-308a858036e7,http://w3id.org/bod-vocabs/81f9254c-0a6c-4096-bfcb-308a858036e7
consolidation,techniques,b6569ad4-491f-4187-88c9-74c4a5812db1,http://w3id.org/bod-vocabs/b6569ad4-491f-4187-88c9-74c4a5812db1
board slotting,techniques,6a46490c-e9f5-4065-bab1-dbed0c918aa4,http://w3id.org/bod-vocabs/6a46490c-e9f5-4065-bab1-dbed0c918aa4
slotting,techniques,af95f01e-6d7b-46bc-b026-d9a5a2b9c620,http://w3id.org/bod-vocabs/af95f01e-6d7b-46bc-b026-d9a5a2b9c620
Resewing,techniques,6dad2efd-b535-4b06-b2b2-284a3e31584a,http://w3id.org/bod-vocabs/6dad2efd-b535-4b06-b2b2-284a3e31584a
Disbinding,techniques,1203b451-ffa7-451b-853f-4f25bf2643d2,http://w3id.org/bod-vocabs/1203b451-ffa7-451b-853f-4f25bf2643d2
readhere,techniques,f9763dda-fc0d-4998-a78e-5cc09f05b2a9,http://w3id.org/bod-vocabs/f9763dda-fc0d-4998-a78e-5cc09f05b2a9
Rebacking,techniques,98cb1a52-5ec8-4177-b21d-bbf56efabb41,http://w3id.org/bod-vocabs/98cb1a52-5ec8-4177-b21d-bbf56efabb41
Rebinding,techniques,8cd235df-2f5e-43ce-b712-bb5288eb7a49,http://w3id.org/bod-vocabs/8cd235df-2f5e-43ce-b712-bb5288eb7a49
Recase,techniques,44999782-6852-43ee-a2f7-f543ac13cca6,http://w3id.org/bod-vocabs/44999782-6852-43ee-a2f7-f543ac13cca6
Tooling,techniques,d3c7b5c3-8273-4b96-9714-7abbbdd166ec,http://w3id.org/bod-vocabs/d3c7b5c3-8273-4b96-9714-7abbbdd166ec
dry,techniques,c5159df5-bc03-4ea1-97ce-21c1051a765d,http://w3id.org/bod-vocabs/c5159df5-bc03-4ea1-97ce-21c1051a765d
pastedown,endleafComponents,a9dd9343-e8eb-480e-99fa-8df3f747abe4,http://w3id.org/bod-vocabs/a9dd9343-e8eb-480e-99fa-8df3f747abe4
flyleaf,endleafComponents,77295833-809a-44d5-819f-af98619dac61,http://w3id.org/bod-vocabs/77295833-809a-44d5-819f-af98619dac61
'made' sheet,endleafComponents,875df128-245e-4965-834b-0f3f74e88d82,http://w3id.org/bod-vocabs/875df128-245e-4965-834b-0f3f74e88d82
stub,endleafComponents,f43cec41-bee2-4e50-ba1a-a8c6fb53f477,http://w3id.org/bod-vocabs/f43cec41-bee2-4e50-ba1a-a8c6fb53f477
core,endbandComponents,2f4ef284-89eb-442b-8eb8-2cbb9cb72937,http://w3id.org/bod-vocabs/2f4ef284-89eb-442b-8eb8-2cbb9cb72937
thread,endbandComponents,c2450afc-85d9-4237-a707-b58c056a10ea,http://w3id.org/bod-vocabs/c2450afc-85d9-4237-a707-b58c056a10ea
tie-downs,endbandComponents,725bc13d-db32-4242-94b4-e79b2e351740,http://w3id.org/bod-vocabs/725bc13d-db32-4242-94b4-e79b2e351740
Acetone,solutions,c4a02604-6774-4ec0-bf19-6f1df1630bae,http://w3id.org/bod-vocabs/c4a02604-6774-4ec0-bf19-6f1df1630bae
Acrylic Paint,solutions,c05b005e-0096-4301-be00-48d72c8c7293,http://w3id.org/bod-vocabs/c05b005e-0096-4301-be00-48d72c8c7293
Acrysol,solutions,6bc607ae-1a45-4e8b-8a73-1acdc0484112,http://w3id.org/bod-vocabs/6bc607ae-1a45-4e8b-8a73-1acdc0484112
Agarose,solutions,959679ad-3ae1-4393-86a0-5128f0bc832a,http://w3id.org/bod-vocabs/959679ad-3ae1-4393-86a0-5128f0bc832a
Ammonium Hydroxide,solutions,5ab4f2e7-8011-40fc-984f-550320efa8b2,http://w3id.org/bod-vocabs/5ab4f2e7-8011-40fc-984f-550320efa8b2
Amylase ,solutions,1094d124-5fda-4458-ba2a-a847674b9a94,http://w3id.org/bod-vocabs/1094d124-5fda-4458-ba2a-a847674b9a94
Asian Paper,solutions,121f6871-104d-4838-b331-98b9cdec6369,http://w3id.org/bod-vocabs/121f6871-104d-4838-b331-98b9cdec6369
Benzyne,solutions,2f4ac756-ab7c-466c-a9bc-79f077f5dbff,http://w3id.org/bod-vocabs/2f4ac756-ab7c-466c-a9bc-79f077f5dbff
Berlin Tissue,solutions,558ddc01-0785-4b04-a7f5-aa813febc06b,http://w3id.org/bod-vocabs/558ddc01-0785-4b04-a7f5-aa813febc06b
Butvar Resin,solutions,e6446415-0922-4f51-a1ea-ff285c0f3b41,http://w3id.org/bod-vocabs/e6446415-0922-4f51-a1ea-ff285c0f3b41
Calcium Bicarbonate,solutions,559dde87-8195-403d-900b-82bf9d0b92fd,http://w3id.org/bod-vocabs/559dde87-8195-403d-900b-82bf9d0b92fd
Calcium carbonate,solutions,79a5998a-0b28-4b82-9780-5efd65755717,http://w3id.org/bod-vocabs/79a5998a-0b28-4b82-9780-5efd65755717
Calcium hydroxide,solutions,c0beafd1-cb24-4cff-a8be-4296b1350ac6,http://w3id.org/bod-vocabs/c0beafd1-cb24-4cff-a8be-4296b1350ac6
Calcium phytate ,solutions,2d8f6084-d85f-4e48-a9f2-dd01e3f72b47,http://w3id.org/bod-vocabs/2d8f6084-d85f-4e48-a9f2-dd01e3f72b47
Cellofas,solutions,2dfb0e8d-f4cd-4cc5-a6ca-360681895881,http://w3id.org/bod-vocabs/2dfb0e8d-f4cd-4cc5-a6ca-360681895881
Chalk Pencil,solutions,44e3cf66-f2cc-4c0e-bf46-865d3fecf1c5,http://w3id.org/bod-vocabs/44e3cf66-f2cc-4c0e-bf46-865d3fecf1c5
Colored Pencil,solutions,b8c8384a-41b7-40fb-8be7-3c3f13b7f76c,http://w3id.org/bod-vocabs/b8c8384a-41b7-40fb-8be7-3c3f13b7f76c
DMF,solutions,e5c57222-6c2e-4a9f-b40e-13f3edfeddc7,http://w3id.org/bod-vocabs/e5c57222-6c2e-4a9f-b40e-13f3edfeddc7
EDTA,solutions,1d522363-4165-4994-9715-efa864431586,http://w3id.org/bod-vocabs/1d522363-4165-4994-9715-efa864431586
Ethanol,solutions,fc6a359c-1bf4-408a-901a-275e77609e0d,http://w3id.org/bod-vocabs/fc6a359c-1bf4-408a-901a-275e77609e0d
Ethulose,solutions,85f439e1-b536-4fba-8f4c-a4c037875db7,http://w3id.org/bod-vocabs/85f439e1-b536-4fba-8f4c-a4c037875db7
Ethyl Acetate,solutions,41cd3bc9-e24a-4264-93e9-d7086e061279,http://w3id.org/bod-vocabs/41cd3bc9-e24a-4264-93e9-d7086e061279
Gelatin,solutions,0bbb1f9e-ba5b-401a-806b-e9b87ca4a7f8,http://w3id.org/bod-vocabs/0bbb1f9e-ba5b-401a-806b-e9b87ca4a7f8
Gellan gum,solutions,6efda8dc-54f9-4013-9215-ae6698992ff0,http://w3id.org/bod-vocabs/6efda8dc-54f9-4013-9215-ae6698992ff0
Hydrogen Peroxide,solutions,377f790e-c11e-400a-a77f-adc448eb483c,http://w3id.org/bod-vocabs/377f790e-c11e-400a-a77f-adc448eb483c
Isopropanol,solutions,2485a6b8-add7-46d2-9eda-b204c59b5bad,http://w3id.org/bod-vocabs/2485a6b8-add7-46d2-9eda-b204c59b5bad
Klucel G,solutions,60888c41-dda8-4efa-a706-a38b64ca0a1f,http://w3id.org/bod-vocabs/60888c41-dda8-4efa-a706-a38b64ca0a1f
Klucel M,solutions,62f57fb7-d411-4ad9-8dee-d3b94b5f1c2f,http://w3id.org/bod-vocabs/62f57fb7-d411-4ad9-8dee-d3b94b5f1c2f
Magnesium bicarbonate,solutions,1e3bf23b-7866-469d-9267-4bb07cc9d54d,http://w3id.org/bod-vocabs/1e3bf23b-7866-469d-9267-4bb07cc9d54d
MEK,solutions,63f7bc61-1f04-4aae-9d24-f67addeee2f0,http://w3id.org/bod-vocabs/63f7bc61-1f04-4aae-9d24-f67addeee2f0
Methylcellulose,solutions,66dba9f7-f826-446b-bf6f-552028132a1c,http://w3id.org/bod-vocabs/66dba9f7-f826-446b-bf6f-552028132a1c
Parchment Size,solutions,4f607f59-2ce7-4a71-88c0-b37fd624fd7e,http://w3id.org/bod-vocabs/4f607f59-2ce7-4a71-88c0-b37fd624fd7e
Pastel,solutions,aadc1028-3a34-44ab-baf9-f19387092b99,http://w3id.org/bod-vocabs/aadc1028-3a34-44ab-baf9-f19387092b99
Phloroglucinol,solutions,e8003e64-c0bf-4061-9877-3abe11f0b2f1,http://w3id.org/bod-vocabs/e8003e64-c0bf-4061-9877-3abe11f0b2f1
Protease,solutions,15166c94-27d1-4950-b6ef-a6fcb8971830,http://w3id.org/bod-vocabs/15166c94-27d1-4950-b6ef-a6fcb8971830
RK Paper,solutions,833087ef-42d2-4475-9093-43dd485f3a18,http://w3id.org/bod-vocabs/833087ef-42d2-4475-9093-43dd485f3a18
SC6000,solutions,d44e05d8-b999-4f1e-95b4-eb2ce6ec4662,http://w3id.org/bod-vocabs/d44e05d8-b999-4f1e-95b4-eb2ce6ec4662
Sodium Borohydride,solutions,bd5af4fa-f431-4087-b264-a49903182f05,http://w3id.org/bod-vocabs/bd5af4fa-f431-4087-b264-a49903182f05
Sodium CMC,solutions,f335de2a-29c9-4f9f-8d3d-b1de139e6fff,http://w3id.org/bod-vocabs/f335de2a-29c9-4f9f-8d3d-b1de139e6fff
Sodium Hydroxide,solutions,9e142728-3af1-4543-baeb-492edf13c2f9,http://w3id.org/bod-vocabs/9e142728-3af1-4543-baeb-492edf13c2f9
Tape Removal Formula 1,solutions,fb422a73-8f3d-4e5a-a086-ff90fa842e58,http://w3id.org/bod-vocabs/fb422a73-8f3d-4e5a-a086-ff90fa842e58
Tape Removal Formula 2,solutions,05ec7cef-0cea-4288-8115-faeb5fca0e1f,http://w3id.org/bod-vocabs/05ec7cef-0cea-4288-8115-faeb5fca0e1f
Tape Removal Formula 3,solutions,2af39a68-8e9e-428f-ba8b-078fedf095c6,http://w3id.org/bod-vocabs/2af39a68-8e9e-428f-ba8b-078fedf095c6
Textile,solutions,75e9080b-1d75-486f-a96a-8514c6c8b92f,http://w3id.org/bod-vocabs/75e9080b-1d75-486f-a96a-8514c6c8b92f
Toluene,solutions,0fab5b5c-5c3e-44d0-94f3-8150867e9604,http://w3id.org/bod-vocabs/0fab5b5c-5c3e-44d0-94f3-8150867e9604
Water,solutions,59836e38-da6a-439e-b2bb-a18eb697e712,http://w3id.org/bod-vocabs/59836e38-da6a-439e-b2bb-a18eb697e712
Water/ethanol,solutions,70696e4a-1f67-4aa2-b07e-83011cee6b78,http://w3id.org/bod-vocabs/70696e4a-1f67-4aa2-b07e-83011cee6b78
Watercolor,solutions,cf87dca2-0aa9-4bdd-81ea-fba0717c5dfa,http://w3id.org/bod-vocabs/cf87dca2-0aa9-4bdd-81ea-fba0717c5dfa
Western Paper,solutions,bb7a0910-6890-4cd4-abdb-7ac087b5dde0,http://w3id.org/bod-vocabs/bb7a0910-6890-4cd4-abdb-7ac087b5dde0
Xylene,solutions,e92b5b8b-5430-409c-bc96-d5608a0cff80,http://w3id.org/bod-vocabs/e92b5b8b-5430-409c-bc96-d5608a0cff80
w/v,solutions - specification,59d0869c-a3a4-4ff8-8833-c2575654f1b6,http://w3id.org/bod-vocabs/59d0869c-a3a4-4ff8-8833-c2575654f1b6
w/w,solutions - specification,45e4d24a-8aa0-42d1-9eb6-0178386e57fb,http://w3id.org/bod-vocabs/45e4d24a-8aa0-42d1-9eb6-0178386e57fb
v/v,solutions - specification,16328f5d-968e-4398-8b3f-841e93055b7b,http://w3id.org/bod-vocabs/16328f5d-968e-4398-8b3f-841e93055b7b
knife,conservationTools,8f7190b5-7c41-4b16-808c-5f57debe9e09,http://w3id.org/bod-vocabs/8f7190b5-7c41-4b16-808c-5f57debe9e09
brush,conservationTools,d954cd84-2eb5-48d1-850f-50a618548dec,http://w3id.org/bod-vocabs/d954cd84-2eb5-48d1-850f-50a618548dec
spatula,conservationTools,c4bc00c7-e7c5-4247-82da-51e12cf00ccb,http://w3id.org/bod-vocabs/c4bc00c7-e7c5-4247-82da-51e12cf00ccb
curved needle,conservationTools,be32ae2a-4407-4fd5-ae19-dc498c364d6e,http://w3id.org/bod-vocabs/be32ae2a-4407-4fd5-ae19-dc498c364d6e
needles,conservationTools,040eb8cf-195d-4a55-97ce-b30000794e4f,http://w3id.org/bod-vocabs/040eb8cf-195d-4a55-97ce-b30000794e4f
syringe,conservationTools,670d5a30-f99a-4e06-91b9-59a157161c56,http://w3id.org/bod-vocabs/670d5a30-f99a-4e06-91b9-59a157161c56
boards,conservationTools,07c416f9-4f83-461d-8ca1-50b974faa441,http://w3id.org/bod-vocabs/07c416f9-4f83-461d-8ca1-50b974faa441
bulldog clips,conservationTools,9b7138f6-fbf3-43f2-893d-683638919da1,http://w3id.org/bod-vocabs/9b7138f6-fbf3-43f2-893d-683638919da1
foredom drill,conservationTools,a4f8c9db-e6d4-4a4e-88e1-89a4b5a468b7,http://w3id.org/bod-vocabs/a4f8c9db-e6d4-4a4e-88e1-89a4b5a468b7
blotters,conservationTools,0425b4ef-d463-4b4c-8f35-b4e41ef09a7d,http://w3id.org/bod-vocabs/0425b4ef-d463-4b4c-8f35-b4e41ef09a7d
book,objectType,d4d90480-fb54-418a-b711-a2402b7a5161,http://w3id.org/bod-vocabs/d4d90480-fb54-418a-b711-a2402b7a5161
paper,objectType,ef725564-9f31-4c69-84c7-677b85e6a8dd,http://w3id.org/bod-vocabs/ef725564-9f31-4c69-84c7-677b85e6a8dd
photo,objectType,fe80eef2-6bff-4bdd-a12f-be566eefb52b,http://w3id.org/bod-vocabs/fe80eef2-6bff-4bdd-a12f-be566eefb52b
object,objectType,7872cfc3-995b-4caf-9100-04ebf773ec0c,http://w3id.org/bod-vocabs/7872cfc3-995b-4caf-9100-04ebf773ec0c
AFC,departments,998a0f14-6d1b-4d8d-8711-c9886f30c180,http://w3id.org/bod-vocabs/998a0f14-6d1b-4d8d-8711-c9886f30c180
ALL,departments,8c878953-c12c-426b-bf0d-b872202c243b,http://w3id.org/bod-vocabs/8c878953-c12c-426b-bf0d-b872202c243b
AMED,departments,dda0aea1-88ab-4136-ac47-58b0af165dd2,http://w3id.org/bod-vocabs/dda0aea1-88ab-4136-ac47-58b0af165dd2
Area Studies,departments,30ac154f-6adc-4d62-bb53-75b4c69eee93,http://w3id.org/bod-vocabs/30ac154f-6adc-4d62-bb53-75b4c69eee93
Asian,departments,3086b3d5-0a51-4df4-ba50-a959cc4be3c0,http://w3id.org/bod-vocabs/3086b3d5-0a51-4df4-ba50-a959cc4be3c0
CMD,departments,ae8dfa77-4a96-4b9f-8017-2f971adc8eaf,http://w3id.org/bod-vocabs/ae8dfa77-4a96-4b9f-8017-2f971adc8eaf
Folklife,departments,c63b7eb5-524d-4ec9-add3-5dd93dbc3794,http://w3id.org/bod-vocabs/c63b7eb5-524d-4ec9-add3-5dd93dbc3794
G & M,departments,09608fc1-4839-4644-8cf2-608a2b7e598b,http://w3id.org/bod-vocabs/09608fc1-4839-4644-8cf2-608a2b7e598b
G&M,departments,261218cf-9903-409e-83f1-70a023e316fd,http://w3id.org/bod-vocabs/261218cf-9903-409e-83f1-70a023e316fd
General Collection,departments,58d6b415-9eb0-4a3b-aa51-2944ec4b28ed,http://w3id.org/bod-vocabs/58d6b415-9eb0-4a3b-aa51-2944ec4b28ed
IPO,departments,f0bf2909-acd3-4cf1-b056-dc0a5fab3357,http://w3id.org/bod-vocabs/f0bf2909-acd3-4cf1-b056-dc0a5fab3357
Law,departments,76fa303a-b05c-4fca-951c-e351ba3968ce,http://w3id.org/bod-vocabs/76fa303a-b05c-4fca-951c-e351ba3968ce
Librarian,departments,d3af4b27-70c6-4b3e-a6fd-9940bf66e15c,http://w3id.org/bod-vocabs/d3af4b27-70c6-4b3e-a6fd-9940bf66e15c
MBRS,departments,0ef22e94-17b5-4543-9d6f-e09a8151dc6e,http://w3id.org/bod-vocabs/0ef22e94-17b5-4543-9d6f-e09a8151dc6e
MDEP,departments,828a27f3-762e-4663-9a29-943cdeaa586d,http://w3id.org/bod-vocabs/828a27f3-762e-4663-9a29-943cdeaa586d
MDEP-Move,departments,63eba31e-b028-4bfe-8905-626438b78eae,http://w3id.org/bod-vocabs/63eba31e-b028-4bfe-8905-626438b78eae
MDEP-NAVCC,departments,ccd79f51-56b4-4b52-9def-87054038d483,http://w3id.org/bod-vocabs/ccd79f51-56b4-4b52-9def-87054038d483
MSS,departments,845b89d0-4325-4132-9410-df1341c0deb4,http://w3id.org/bod-vocabs/845b89d0-4325-4132-9410-df1341c0deb4
Multiple,departments,96ab03e7-d6ca-4bdd-a0c1-a72206382f5c,http://w3id.org/bod-vocabs/96ab03e7-d6ca-4bdd-a0c1-a72206382f5c
Music,departments,dc2cccae-69ff-4a05-8371-28170524e269,http://w3id.org/bod-vocabs/dc2cccae-69ff-4a05-8371-28170524e269
NDL,departments,e78b431b-580b-45f7-97ef-02a4ef814982,http://w3id.org/bod-vocabs/e78b431b-580b-45f7-97ef-02a4ef814982
OSI,departments,905a18ff-93eb-4cd2-94de-005451be6671,http://w3id.org/bod-vocabs/905a18ff-93eb-4cd2-94de-005451be6671
Other,departments,2ddfd5f9-557d-466c-93b2-608fb1220830,http://w3id.org/bod-vocabs/2ddfd5f9-557d-466c-93b2-608fb1220830
Overhead,departments,3d5c7a51-9836-47e1-a4b7-8f89839238b8,http://w3id.org/bod-vocabs/3d5c7a51-9836-47e1-a4b7-8f89839238b8
P & P,departments,35053709-0931-419c-a791-66916bccbe2e,http://w3id.org/bod-vocabs/35053709-0931-419c-a791-66916bccbe2e
PHOTO,departments,42aacd71-4376-4e24-b2ef-f1c70e6c5aa5,http://w3id.org/bod-vocabs/42aacd71-4376-4e24-b2ef-f1c70e6c5aa5
PRD,departments,2845f63d-1403-4151-8aa8-079e4508f777,http://w3id.org/bod-vocabs/2845f63d-1403-4151-8aa8-079e4508f777
Preserv,departments,a33cbfc1-2cea-4788-81d9-b0a30086df3a,http://w3id.org/bod-vocabs/a33cbfc1-2cea-4788-81d9-b0a30086df3a
PRTD and CD,departments,cde215f8-fc80-44f1-86b0-f9eff0cc49d2,http://w3id.org/bod-vocabs/cde215f8-fc80-44f1-86b0-f9eff0cc49d2
Rare Book,departments,9e80296a-7dc0-4b86-b67b-1c516dbf8b2d,http://w3id.org/bod-vocabs/9e80296a-7dc0-4b86-b67b-1c516dbf8b2d
SER,departments,528ab42e-a1e9-484d-95e8-5a9f2621a4a6,http://w3id.org/bod-vocabs/528ab42e-a1e9-484d-95e8-5a9f2621a4a6
Serials,departments,59536fba-55e0-4272-a715-4c3c7f2b78cf,http://w3id.org/bod-vocabs/59536fba-55e0-4272-a715-4c3c7f2b78cf
ST&B,departments,c77b1441-17c8-4818-a552-ba73318a304e,http://w3id.org/bod-vocabs/c77b1441-17c8-4818-a552-ba73318a304e
Unassigned,departments,ffb68c1e-b2c4-406c-8d94-d1d802a191cf,http://w3id.org/bod-vocabs/ffb68c1e-b2c4-406c-8d94-d1d802a191cf
VHP,departments,305b6ddb-dd36-419d-8260-7428e08d57d3,http://w3id.org/bod-vocabs/305b6ddb-dd36-419d-8260-7428e08d57d3
covering material,components,03a6cb05-c94b-43d1-b84d-d78ea35c7c99,http://w3id.org/bod-vocabs/03a6cb05-c94b-43d1-b84d-d78ea35c7c99
hinges,components,23c9256d-d8a2-4f2e-851a-72870e8c942d,http://w3id.org/bod-vocabs/23c9256d-d8a2-4f2e-851a-72870e8c942d
linings,components,6a32862c-e6c0-4c14-b2a8-81b7ecc9fd83,http://w3id.org/bod-vocabs/6a32862c-e6c0-4c14-b2a8-81b7ecc9fd83
previous mends,components,ae95859b-f67c-4c5e-8c70-ee5769ace9cd,http://w3id.org/bod-vocabs/ae95859b-f67c-4c5e-8c70-ee5769ace9cd
attachments,components,254b9cda-d75c-4b70-a7fa-7d54736c7ac9,http://w3id.org/bod-vocabs/254b9cda-d75c-4b70-a7fa-7d54736c7ac9
silking,components,9d0a7d19-3a38-4e24-92e7-e0971b72cf2e,http://w3id.org/bod-vocabs/9d0a7d19-3a38-4e24-92e7-e0971b72cf2e
tape,components,dd954aa3-f445-4a9d-a79d-e20dc63aadd9,http://w3id.org/bod-vocabs/dd954aa3-f445-4a9d-a79d-e20dc63aadd9
guards,components,f053ef95-28b7-478d-9170-7c39d612d387,http://w3id.org/bod-vocabs/f053ef95-28b7-478d-9170-7c39d612d387
spine,components,a1fdc993-de7e-4b87-a210-c72bac374ff5,http://w3id.org/bod-vocabs/a1fdc993-de7e-4b87-a210-c72bac374ff5
white,colours,c3e09a3c-f342-4b06-ae91-4c06a0bad4e6,http://w3id.org/bod-vocabs/c3e09a3c-f342-4b06-ae91-4c06a0bad4e6
blue,colours,6696b565-d29a-47a1-b2eb-713035347cfe,http://w3id.org/bod-vocabs/6696b565-d29a-47a1-b2eb-713035347cfe
red,colours,7f810e30-3f54-4c56-a859-2920c0c42c57,http://w3id.org/bod-vocabs/7f810e30-3f54-4c56-a859-2920c0c42c57
brown,colours,d9b727aa-3c41-46b0-8a70-032ee7b019af,http://w3id.org/bod-vocabs/d9b727aa-3c41-46b0-8a70-032ee7b019af
green-brown,colours,692d217c-ed65-4438-b2fb-da2b886f6cf1,http://w3id.org/bod-vocabs/692d217c-ed65-4438-b2fb-da2b886f6cf1
formation,construction - type,66fcf795-e880-41a0-a479-2b77b95c697a,http://w3id.org/bod-vocabs/66fcf795-e880-41a0-a479-2b77b95c697a
application,construction - type,246c0784-e68b-4e9b-9246-ac56d7e93fc7,http://w3id.org/bod-vocabs/246c0784-e68b-4e9b-9246-ac56d7e93fc7
preparation,construction - type,bb3e2d76-4a1b-4b87-bcc9-9cfa9a3161a9,http://w3id.org/bod-vocabs/bb3e2d76-4a1b-4b87-bcc9-9cfa9a3161a9
inch,extent,07bdbb42-9927-4d96-b500-3c9f2ba95694,http://w3id.org/bod-vocabs/07bdbb42-9927-4d96-b500-3c9f2ba95694
